﻿<?xml version="1.0" encoding="utf-8"?>
<ui_messages lang="ru">
  <msg type="CABINET_LoadCabinetRequest_CommonError" text="Неверные авторизационные данные!" />
  <msg type="CHANGE_SUM_ALERT">Внимание!<br />У Вас осталась сдача в размере <strong>#CHANGE_SUM_VALUE# #CURRENCY_POSTFIX#</strong><br />Выберите провайдера для зачисления на него вашей сдачи.</msg>
  <msg type="CHANGE_SUM_INFO_PAGE_ALERT">Внимание!<br />У Вас осталась сдача в размере <span style="color: red !important;">#CHANGE_SUM_VALUE# #CURRENCY_POSTFIX#</span><br />Выберите провайдера для зачисления на него вашей сдачи.</msg>

</ui_messages>
