﻿<?xml version="1.0" encoding="utf-8"?>
<ui_settings>
  
  <!--Принудительно переходить на страницу ошибки в случае троекратного таймаута-->
  <entry key="ENABLE_TRIPLE_SCREEN_TIMEOUT_ERROR">0</entry>
    
  <entry key="SHOW_FEEDBACK_STRIP_MAIN_MENU">0</entry><!--Показывать полосу с контактами банка на странице ГЛАВНОГО МЕНЮ-->
  <entry key="SHOW_FEEDBACK_STRIP_PAY_SERVICES">0</entry><!--Показывать полосу с контактами банка на странице с ГРУППАМИ УСЛУГ и БЫСТРЫМИ КНОПКАМИ-->

  <entry key="SHOW_BANNER_TOP_PAY_SERVICES">1</entry><!--Показывать верхний баннер на странице с ГРУППАМИ УСЛУГ и БЫСТРЫМИ КНОПКАМИ-->

  <entry key="SHOW_BANNER_TOP_GROUP_MENU">1</entry><!--Показывать верхний баннер на странице со СПИСКОМ УСЛУГ-->

  <!--Расчитывать высоту диалога на основе контента или нет-->
  <entry key="DLG_MSG_AUTO_HEIGHT_ENABLED">0</entry>

  <!--Количество элементов группы на странице при режиме разбиения ServerSide-->
  <entry key="PAGE_GROUP_MENU_SERVERSIDE_PAGE_SIZE">15</entry>
  
  <!--Количество кнопок с номерами страниц для текущего отображения-->
  <entry key="PAGING_MAX_PAGE_BTNS_SIZE">3</entry>
  
  
<!-- СДАЧА СДАЧА СДАЧА СДАЧА СДАЧА СДАЧА СДАЧА СДАЧА СДАЧА  -->
  <entry key="CHANGE_SUM_PAGE_ENABLED">0</entry>
  <entry key="CHANGE_SUM_INFO_PAGE_SHOW_SUCCESS_PAYMENT_BLOCK">1</entry>
  <entry key="CHANGE_SUM_AUTO_FLUSH_ENABLED">0</entry>
  <entry key="CHANGE_SUM_AUTO_FLUSH_PROVIDER_ID">500047</entry>

</ui_settings>
