﻿<?xml version="1.0" encoding="utf-8"?>
<CardAuthResponseCodes>
  <AuthResponseCode>
    <Code>00</Code>
    <Reason>Approved</Reason>
    <Decision>Approve</Decision>
    <DescriptionOnRussian>Транзакция авторизована</DescriptionOnRussian>
    <UserMessage></UserMessage>
  </AuthResponseCode>
  <AuthResponseCode>
    <Code>01</Code>
    <Reason>Refer to Card Issuer</Reason>
    <Decision>Decline</Decision>
    <DescriptionOnRussian>Срочно связаться с эмитентом</DescriptionOnRussian>
    <UserMessage></UserMessage>
  </AuthResponseCode>
  <AuthResponseCode>
    <Code>02</Code>
    <Reason>Refer to Card Issuer, special condition</Reason>
    <Decision>Decline</Decision>
    <DescriptionOnRussian>Срочно связаться с эмитентом</DescriptionOnRussian>
    <UserMessage></UserMessage>
  </AuthResponseCode>
  <AuthResponseCode>
    <Code>03</Code>
    <Reason>Invalid Merchant </Reason>
    <Decision>Decline</Decision>
    <DescriptionOnRussian>Неверный торговец</DescriptionOnRussian>
    <UserMessage></UserMessage>
  </AuthResponseCode>
  <AuthResponseCode>
    <Code>04</Code>
    <Reason>Pick up card </Reason>
    <Decision>Pickup </Decision>
    <DescriptionOnRussian>Забрать карту без объяснений</DescriptionOnRussian>
    <UserMessage></UserMessage>
  </AuthResponseCode>
  <AuthResponseCode>
    <Code>05</Code>
    <Reason>Do not honor</Reason>
    <Decision>Decline</Decision>
    <DescriptionOnRussian>Отказать без объяснений</DescriptionOnRussian>
    <UserMessage></UserMessage>
  </AuthResponseCode>
  <AuthResponseCode>
    <Code>06</Code>
    <Reason>Error</Reason>
    <Decision>Decline</Decision>
    <DescriptionOnRussian>При обработке операции произошла ошибка</DescriptionOnRussian>
    <UserMessage></UserMessage>
  </AuthResponseCode>
  <AuthResponseCode>
    <Code>07</Code>
    <Reason>Pick up card, special condition</Reason>
    <Decision>Pickup </Decision>
    <DescriptionOnRussian>Забрать карту без объяснений</DescriptionOnRussian>
    <UserMessage></UserMessage>
  </AuthResponseCode>
  <AuthResponseCode>
    <Code>09</Code>
    <Reason>Request in progress</Reason>
    <Decision>Decline</Decision>
    <DescriptionOnRussian>Неизвестная специализированная ошибка</DescriptionOnRussian>
    <UserMessage></UserMessage>
  </AuthResponseCode>
  <AuthResponseCode>
    <Code>12</Code>
    <Reason>Invalid Transaction</Reason>
    <Decision>Decline</Decision>
    <DescriptionOnRussian>Некорректные данные транзакции</DescriptionOnRussian>
    <UserMessage></UserMessage>
  </AuthResponseCode>
  <AuthResponseCode>
    <Code>13</Code>
    <Reason>Invalid Amount </Reason>
    <Decision>Decline</Decision>
    <DescriptionOnRussian>Некорректная сумма</DescriptionOnRussian>
    <UserMessage></UserMessage>
  </AuthResponseCode>
  <AuthResponseCode>
    <Code>14</Code>
    <Reason>Invalid card number</Reason>
    <Decision>Decline</Decision>
    <DescriptionOnRussian>Неизвестная карта</DescriptionOnRussian>
    <UserMessage></UserMessage>
  </AuthResponseCode>
  <AuthResponseCode>
    <Code>15</Code>
    <Reason>No such issuer</Reason>
    <Decision>Decline</Decision>
    <DescriptionOnRussian>Эмитент а карты неизвестен</DescriptionOnRussian>
    <UserMessage></UserMessage>
  </AuthResponseCode>
  <AuthResponseCode>
    <Code>19</Code>
    <Reason>Re-enter transaction </Reason>
    <Decision>Decline</Decision>
    <DescriptionOnRussian>Нужно просто попробовать еще раз</DescriptionOnRussian>
    <UserMessage></UserMessage>
  </AuthResponseCode>
  <AuthResponseCode>
    <Code>21</Code>
    <Reason>Wrong transmission time</Reason>
    <Decision>Decline</Decision>
    <DescriptionOnRussian>Некорректные дата и время на терминале.</DescriptionOnRussian>
    <UserMessage></UserMessage>
  </AuthResponseCode>
  <AuthResponseCode>
    <Code>23</Code>
    <Reason>Incorrect  Fee</Reason>
    <Decision>Decline</Decision>
    <DescriptionOnRussian>Некорректные данные комиссии </DescriptionOnRussian>
    <UserMessage></UserMessage>
  </AuthResponseCode>
  <AuthResponseCode>
    <Code>30</Code>
    <Reason>Format Error </Reason>
    <Decision>Decline</Decision>
    <DescriptionOnRussian>Плохой формат данных</DescriptionOnRussian>
    <UserMessage></UserMessage>
  </AuthResponseCode>
  <AuthResponseCode>
    <Code>31</Code>
    <Reason>Bank not supported by switch</Reason>
    <Decision>Decline</Decision>
    <DescriptionOnRussian>Эмитент недоступен в режиме Online</DescriptionOnRussian>
    <UserMessage></UserMessage>
  </AuthResponseCode>
  <AuthResponseCode>
    <Code>33</Code>
    <Reason>Expired card</Reason>
    <Decision>Pickup</Decision>
    <DescriptionOnRussian>Карта просрочена. Карту забрать</DescriptionOnRussian>
    <UserMessage></UserMessage>
  </AuthResponseCode>
  <AuthResponseCode>
    <Code>34</Code>
    <Reason>Suspected fraud</Reason>
    <Decision>Pickup</Decision>
    <DescriptionOnRussian>Подозрение на мошенничество. Карту забрать</DescriptionOnRussian>
    <UserMessage></UserMessage>
  </AuthResponseCode>
  <AuthResponseCode>
    <Code>35</Code>
    <Reason>Card acceptor contact acquirer</Reason>
    <Decision>Pickup</Decision>
    <DescriptionOnRussian>Карту забрать  и связаться с связаться со своим эквайером. </DescriptionOnRussian>
    <UserMessage></UserMessage>
  </AuthResponseCode>
  <AuthResponseCode>
    <Code>36</Code>
    <Reason>Restricted card</Reason>
    <Decision>Pickup</Decision>
    <DescriptionOnRussian>Карта ограничена. Карту забрать.</DescriptionOnRussian>
    <UserMessage></UserMessage>
  </AuthResponseCode>
  <AuthResponseCode>
    <Code>37</Code>
    <Reason>Card acceptor call acquirer security</Reason>
    <Decision>Pickup</Decision>
    <DescriptionOnRussian>Забрать карту и связаться с отделом безопасности эквайера.</DescriptionOnRussian>
    <UserMessage></UserMessage>
  </AuthResponseCode>
  <AuthResponseCode>
    <Code>38</Code>
    <Reason>Allowable PIN tries exceeded</Reason>
    <Decision>Pickup</Decision>
    <DescriptionOnRussian>Превышено максимальное число попыток ввода ПИНа. Карту забрать</DescriptionOnRussian>
    <UserMessage></UserMessage>
  </AuthResponseCode>
  <AuthResponseCode>
    <Code>39</Code>
    <Reason>No credit account</Reason>
    <Decision>Decline</Decision>
    <DescriptionOnRussian>Счет кредитного типа не найден</DescriptionOnRussian>
    <UserMessage></UserMessage>
  </AuthResponseCode>
  <AuthResponseCode>
    <Code>40</Code>
    <Reason>Requested function not supported</Reason>
    <Decision>Decline</Decision>
    <DescriptionOnRussian>Требуемая операция не поддерживается</DescriptionOnRussian>
    <UserMessage></UserMessage>
  </AuthResponseCode>
  <AuthResponseCode>
    <Code>41</Code>
    <Reason>Lost card pick up</Reason>
    <Decision>Pickup </Decision>
    <DescriptionOnRussian>Карта потеряна. Забрать карту</DescriptionOnRussian>
    <UserMessage></UserMessage>
  </AuthResponseCode>
  <AuthResponseCode>
    <Code>42</Code>
    <Reason>No universal account</Reason>
    <Decision>Decline</Decision>
    <DescriptionOnRussian>Счет универсального типа не найден</DescriptionOnRussian>
    <UserMessage></UserMessage>
  </AuthResponseCode>
  <AuthResponseCode>
    <Code>43</Code>
    <Reason>Stolen card pick up</Reason>
    <Decision>Pickup </Decision>
    <DescriptionOnRussian>Карта похищена. Забрать карту</DescriptionOnRussian>
    <UserMessage></UserMessage>
  </AuthResponseCode>
  <AuthResponseCode>
    <Code>44</Code>
    <Reason>No investment account</Reason>
    <Decision>Decline</Decision>
    <DescriptionOnRussian>Счет инвестиционного типа не найден</DescriptionOnRussian>
    <UserMessage></UserMessage>
  </AuthResponseCode>
  <AuthResponseCode>
    <Code>51</Code>
    <Reason>Not sufficient funds </Reason>
    <Decision>Decline</Decision>
    <DescriptionOnRussian>Нет средств</DescriptionOnRussian>
    <UserMessage></UserMessage>
  </AuthResponseCode>
  <AuthResponseCode>
    <Code>52</Code>
    <Reason>No checking account</Reason>
    <Decision>Decline</Decision>
    <DescriptionOnRussian>Счет расчетного типа не найден</DescriptionOnRussian>
    <UserMessage></UserMessage>
  </AuthResponseCode>
  <AuthResponseCode>
    <Code>53</Code>
    <Reason>No savings account </Reason>
    <Decision>Decline</Decision>
    <DescriptionOnRussian>Счет сберегательного типа не найден</DescriptionOnRussian>
    <UserMessage></UserMessage>
  </AuthResponseCode>
  <AuthResponseCode>
    <Code>54</Code>
    <Reason>Expired card </Reason>
    <Decision>Decline</Decision>
    <DescriptionOnRussian>Карта просрочена</DescriptionOnRussian>
    <UserMessage></UserMessage>
  </AuthResponseCode>
  <AuthResponseCode>
    <Code>55</Code>
    <Reason>PIN incorrect</Reason>
    <Decision>Decline</Decision>
    <DescriptionOnRussian>Неверный ПИН</DescriptionOnRussian>
    <UserMessage></UserMessage>
  </AuthResponseCode>
  <AuthResponseCode>
    <Code>56</Code>
    <Reason>No card record</Reason>
    <Decision>Decline</Decision>
    <DescriptionOnRussian>Карта не известна  платежной системе</DescriptionOnRussian>
    <UserMessage></UserMessage>
  </AuthResponseCode>
  <AuthResponseCode>
    <Code>57</Code>
    <Reason>Transaction not allowed for cardholder </Reason>
    <Decision>Decline</Decision>
    <DescriptionOnRussian>Транзакция запрещена для клиента</DescriptionOnRussian>
    <UserMessage></UserMessage>
  </AuthResponseCode>
  <AuthResponseCode>
    <Code>58</Code>
    <Reason>Transaction not allowed for merchant </Reason>
    <Decision>Decline</Decision>
    <DescriptionOnRussian>Транзакция  запрещена для торговца</DescriptionOnRussian>
    <UserMessage></UserMessage>
  </AuthResponseCode>
  <AuthResponseCode>
    <Code>60</Code>
    <Reason>Card acceptor contact acquirer</Reason>
    <Decision>Decline</Decision>
    <DescriptionOnRussian>Торговец должен связаться со своим эквайером.</DescriptionOnRussian>
    <UserMessage></UserMessage>
  </AuthResponseCode>
  <AuthResponseCode>
    <Code>61</Code>
    <Reason>Exceeds withdrawal amount limit</Reason>
    <Decision>Decline</Decision>
    <DescriptionOnRussian>Превышен лимит по сумме выдачи наличных</DescriptionOnRussian>
    <UserMessage></UserMessage>
  </AuthResponseCode>
  <AuthResponseCode>
    <Code>62</Code>
    <Reason>Restricted card</Reason>
    <Decision>Decline</Decision>
    <DescriptionOnRussian>Использование карты ограничено</DescriptionOnRussian>
    <UserMessage></UserMessage>
  </AuthResponseCode>
  <AuthResponseCode>
    <Code>63</Code>
    <Reason>Security violation </Reason>
    <Decision>Decline</Decision>
    <DescriptionOnRussian>Совершение транзакции невозможно из-за проблем с безопасностью</DescriptionOnRussian>
    <UserMessage></UserMessage>
  </AuthResponseCode>
  <AuthResponseCode>
    <Code>64</Code>
    <Reason>Original amount incorrect</Reason>
    <Decision>Decline</Decision>
    <DescriptionOnRussian>Неверные данные начальной суммы операции</DescriptionOnRussian>
    <UserMessage></UserMessage>
  </AuthResponseCode>
  <AuthResponseCode>
    <Code>65</Code>
    <Reason>Activity count limit exceeded</Reason>
    <Decision>Decline</Decision>
    <DescriptionOnRussian>Превышен лимит числа операций.</DescriptionOnRussian>
    <UserMessage></UserMessage>
  </AuthResponseCode>
  <AuthResponseCode>
    <Code>66</Code>
    <Reason>Card acceptor call acquirer's security department</Reason>
    <Decision>Decline</Decision>
    <DescriptionOnRussian>Торговцу связаться с отделом безопасности эквайера.</DescriptionOnRussian>
    <UserMessage></UserMessage>
  </AuthResponseCode>
  <AuthResponseCode>
    <Code>67</Code>
    <Reason>Hard capture (requires that card be picked up at ATM)</Reason>
    <Decision>Pickup</Decision>
    <DescriptionOnRussian>Карта изъята</DescriptionOnRussian>
    <UserMessage></UserMessage>
  </AuthResponseCode>
  <AuthResponseCode>
    <Code>68</Code>
    <Reason>Response received too late</Reason>
    <Decision>Decline</Decision>
    <DescriptionOnRussian>Ответ по операции получен слишком поздно</DescriptionOnRussian>
    <UserMessage></UserMessage>
  </AuthResponseCode>
  <AuthResponseCode>
    <Code>75</Code>
    <Reason>PIN tries exceeded </Reason>
    <Decision>Decline</Decision>
    <DescriptionOnRussian>Превышено максимальное число попыток ввода ПИНа.</DescriptionOnRussian>
    <UserMessage></UserMessage>
  </AuthResponseCode>
  <AuthResponseCode>
    <Code>77</Code>
    <Reason>Inconsistent with original</Reason>
    <Decision>Decline</Decision>
    <DescriptionOnRussian>Введенные данные не соответствуют оригинальной транзакции</DescriptionOnRussian>
    <UserMessage></UserMessage>
  </AuthResponseCode>
  <AuthResponseCode>
    <Code>78</Code>
    <Reason>No account </Reason>
    <Decision>Decline</Decision>
    <DescriptionOnRussian>Карт-счет клиента отсутствует</DescriptionOnRussian>
    <UserMessage></UserMessage>
  </AuthResponseCode>
  <AuthResponseCode>
    <Code>86</Code>
    <Reason>Cannot verify PIN</Reason>
    <Decision>Decline</Decision>
    <DescriptionOnRussian>Невозможно проверить ПИН</DescriptionOnRussian>
    <UserMessage></UserMessage>
  </AuthResponseCode>
  <AuthResponseCode>
    <Code>90</Code>
    <Reason>Cut-off is in progress (Switch ending a day's business and starting the next. Transaction can be sent again in a few minutes)</Reason>
    <Decision>Decline</Decision>
    <DescriptionOnRussian>Хост занят. Попробуйте через несколько минут</DescriptionOnRussian>
    <UserMessage></UserMessage>
  </AuthResponseCode>
  <AuthResponseCode>
    <Code>91</Code>
    <Reason>Issuer unavailable </Reason>
    <Decision>Decline</Decision>
    <DescriptionOnRussian>Эмитент недоступен в режиме Online</DescriptionOnRussian>
    <UserMessage></UserMessage>
  </AuthResponseCode>
  <AuthResponseCode>
    <Code>92</Code>
    <Reason>Invalid receiving institution id </Reason>
    <Decision>Decline</Decision>
    <DescriptionOnRussian>Неверный Эмитент карты</DescriptionOnRussian>
    <UserMessage></UserMessage>
  </AuthResponseCode>
  <AuthResponseCode>
    <Code>93</Code>
    <Reason>Transaction violates law</Reason>
    <Decision>Decline</Decision>
    <DescriptionOnRussian>Проведение транзакции противоречит закону</DescriptionOnRussian>
    <UserMessage></UserMessage>
  </AuthResponseCode>
  <AuthResponseCode>
    <Code>94</Code>
    <Reason>Duplicate transaction</Reason>
    <Decision>Decline</Decision>
    <DescriptionOnRussian>Отказ в обработке повтора транзакции</DescriptionOnRussian>
    <UserMessage></UserMessage>
  </AuthResponseCode>
  <AuthResponseCode>
    <Code>96</Code>
    <Reason>System malfunction</Reason>
    <Decision>Decline</Decision>
    <DescriptionOnRussian>Неизвестная специализированная ошибка</DescriptionOnRussian>
    <UserMessage></UserMessage>
  </AuthResponseCode>
  <AuthResponseCode>
    <Code>98</Code>
    <Reason>Lock Operations</Reason>
    <Decision>Decline</Decision>
    <DescriptionOnRussian>Операции на терминале заблокированы до выяснения причин сбоя терминала</DescriptionOnRussian>
    <UserMessage></UserMessage>
  </AuthResponseCode>
</CardAuthResponseCodes>