﻿<?xml version="1.0" encoding="utf-8" ?>
<nav_btns>
  <nav_btn type="Back" filename="nav_bg_back" />
  <nav_btn type="MainMenu" filename="nav_bg_menu" />
  <nav_btn type="Cancel" filename="nav_bg_cancel" />
  <nav_btn type="Pay" filename="nav_bg_pay" />
  <nav_btn type="GoToPay" filename="button_pay" />
  <nav_btn type="Forward" filename="nav_bg_fwd" />
  <nav_btn type="OK" filename="nav_bg_ok" />
  <nav_btn type="Barcode" filename="nav_bg_shtrih" />
  <nav_btn type="LkAddPay" filename="lk_add_pay" />
  <nav_btn type="LkDeletePay" filename="lk_delete_pay" />
  <nav_btn type="LkExit" filename="lk_exit" />
  <nav_btn type="LkHistory" filename="lk_history" />

  <nav_btn type="SelectOperator" filename="nav_bg_auto" />
  <nav_btn type="SearchOperator" filename="nav_bg_search" />
  <nav_btn type="RemindPasswordViaSMS" filename="sms_password" />

  <nav_btn type="RechargeCard" filename="btn_nav_account-inc" />
  <nav_btn type="GetCardBalance" filename="btn_nav_card-balance" />
  <nav_btn type="EmptyGreen" filename="btn_nav_bg_green" />
  <nav_btn type="EmptyYellow" filename="btn_nav_bg_yellow" />
</nav_btns>