﻿<?xml version="1.0" encoding="utf-8"?>
<ui_messages lang="ru">
  <msg type="GENERAL_WAITING_MSG" text="Пожалуйста, подождите..." />
  <msg type="GeneralError" text="Операция не выполнена. Приносим свои извинения за доставленные неудобства." />
  <msg type="OperatorsXmlFileNotFound" text="Конфигурация не загружена." />
  <msg type="RequiredImageMapsNotFound" text="Изображения не загружены." />
  <msg type="DeviceSetNotConfigured" text="Устройства не настроены." />
  <msg type="GatewayErrorGeneral" text="При выполнении запроса произошла ошибка!" />
  <msg type="MaxSumExceeded" text="Введенная сумма превышает допустимый лимит!" />
  <msg type="MaxSumExceededEntire" text="Введенная сумма превышает допустимый лимит с учетом комиссии!" />
  <msg type="MinSumNotReached" text="Введенная сумма менее минимально допустимой!" />
  <msg type="ReceiveCashSumInfoFriendly" text="Внесите необходимую сумму по одной купюре в купюроприемник" />
  <msg type="CardOperationFailedGeneralMsgTemplate" text="Операция не выполнена! {0}" />
  <msg type="CABINET_SendCabinetPasswordRequest_CommonError" text="Ошибка сервера!" />
  <msg type="CABINET_LoadCabinetRequest_CommonError" text="Не удалось проверить введенные данные!" />
  
  <msg type="CABINET_LoadCabinetRequest_InvalidFields_RemindPasswordViaSMS" text="Неправильный пароль. Отправить пароль по смс?" />
  <msg type="DLG_IDLE_TIMEOUT_MSG">
    <br />
    Продолжить?
    <br />
    <!--
    Ваш сеанс закончен в результате простоя.
    <br />
    <br />
    Хотите продолжить операцию?
    -->
  </msg>
  
  <!--Gateway Error Codes-->
  <!--TerminalWasNotFoundOnTheServer/3-->
  <msg type="Gateway_ErrorCode_3;Gateway_ErrorCode_TerminalWasNotFoundOnTheServer" text="Терминал не найден на сервере. Обратитесь в службу поддержки." />
  <!--SignError/6-->
  <msg type="Gateway_ErrorCode_6;Gateway_ErrorCode_SignError" text="Ошибка электронной подписи. Обратитесь в службу поддержки." />
  <!--InvalidMessageFormat/10-->
  <msg type="Gateway_ErrorCode_10;Gateway_ErrorCode_InvalidMessageFormat" text="Неверный формат сообщения. Обратитесь в службу поддержки." />
  <!--InvalidOperatorNumber/15-->
  <msg type="Gateway_ErrorCode_15;Gateway_ErrorCode_InvalidOperatorNumber" text="Неверный номер провайдера. Обратитесь в службу поддержки." />
  <!--InvalidFields/23-->
  <msg type="Gateway_ErrorCode_23;Gateway_ErrorCode_InvalidFields" text="Неверные значения полей в данных платежа. Проверьте данные платежа." />
  <!--OperatorConnectionError/24-->
  <msg type="Gateway_ErrorCode_24;Gateway_ErrorCode_OperatorConnectionError" text="Ошибка обмена данными с получателем платежа." />
  <!--ServerError/30-->
  <msg type="Gateway_ErrorCode_30;Gateway_ErrorCode_ServerError" text="Ошибка сервера. Обратитесь в службу поддержки." />
  <!--TerminalPublicKeyIsMissing/134-->
  <msg type="Gateway_ErrorCode_134;Gateway_ErrorCode_TerminalPublicKeyIsMissing" text="Отсутствует открытый ключ терминала. Обратитесь в службу поддержки." />
  <!--UnrecognizedRequestType/1001-->
  <msg type="Gateway_ErrorCode_1001;Gateway_ErrorCode_UnrecognizedRequestType" text="Неизвестный тип запроса. Обратитесь в службу поддержки." />
  <!--DBError/1002-->
  <msg type="Gateway_ErrorCode_1002;Gateway_ErrorCode_DBError" text="Ошибка в базе данных. Обратитесь в службу поддержки." />
  <!--UserWasNotFound/1003-->
  <msg type="Gateway_ErrorCode_1003;Gateway_ErrorCode_UserWasNotFound" text="Пользователь не найден." />
  <!--UserPasswordInvalid/1004-->
  <msg type="Gateway_ErrorCode_1004;Gateway_ErrorCode_UserPasswordInvalid" text="Неверный пароль." />
  <!--UserIsBlocked/1005-->
  <msg type="Gateway_ErrorCode_1005;Gateway_ErrorCode_UserIsBlocked" text="Пользователь заблокирован. Обратитесь в службу поддержки." />
  <!--OperatorIsBlockedForTheCurrentSubdealer/1006-->
  <msg type="Gateway_ErrorCode_1006;Gateway_ErrorCode_OperatorIsBlockedForTheCurrentSubdealer" text="Получатель платежа заблокирован. Обратитесь в службу поддержки." />
  <!--TerminalProfileIsMissing/1007-->
  <msg type="Gateway_ErrorCode_1007;Gateway_ErrorCode_TerminalProfileIsMissing" text="Не установлен профиль для терминала. Обратитесь в службу поддержки." />
  <!--UnrecognizedRequestToOperatorGateway/1008-->
  <msg type="Gateway_ErrorCode_1008;Gateway_ErrorCode_UnrecognizedRequestToOperatorGateway" text="Неизвестный запрос к шлюзу провайдера." />
  <!--UserAccountIsClosed/1009-->
  <msg type="Gateway_ErrorCode_1009;Gateway_ErrorCode_UserAccountIsClosed" text="Извините, счёт закрыт." />
  <!--InvalidOperation/1010-->
  <msg type="Gateway_ErrorCode_1010;Gateway_ErrorCode_InvalidOperation" text="Извините, операция сейчас невозможна. Повторите операцию позже." />

  <!--Названия страниц-->
  <msg type="PAGE_INFORMATION_NAME" text="Информация" />
  <msg type="PAGE_GROUP_MENU_NAME" text="Список услуг группы {0}" />
  <msg type="PAGE_CABINET_SIGN_IN_PASSWORD" text="Вход в Личный кабинет (ввод пароля)" />
  
  <!--Названия меток на полосе контактов-->
  <!--Код точки-->
  <msg type="LABEL_CONTACTS_STRIP_POINT_CODE">Терминал</msg>
  <!--Телефон агента-->
  <msg type="LABEL_CONTACTS_STRIP_AGENT_PHONE">Телефон агента</msg>
  <!--Адрес точки-->
  <msg type="LABEL_CONTACTS_STRIP_POINT_ADDRESS">Адрес</msg>

  <!--Сообщение для диалога о невозможности пополнения транспортной карты по банковской карте-->
  <msg type="DLG_TRANSPORT_CARD_SUITABLE_ROUTE_PAY_BY_CARD_DENIED">Пополнение транспортной карты возможно только наличными денежными средствами</msg>

  <!--Текст метки для кода точки (терминала)-->
  <msg type="POINT_NUM_LABEL">Терминал</msg>
  <!--Текст метки для адреса точки-->
  <msg type="POINT_ADDRESS_LABEL">Адрес</msg>

  <!--Названия параметров операции по банковской карты. Используются для печати чека.-->
  <msg type="LABEL_CARD_NUMBER">Номер карты</msg>
  <msg type="LABEL_CARD_TERMINAL_ID">Номер J терминала</msg>
  <msg type="LABEL_CARD_AUTH_CODE">Код авторизации</msg>

  <msg type="TELECOM_OPERATOR_DETECTION_FAILED">Не удалось определить оператора по введенным полям!</msg>
  <msg type="DLG_MOBILE_OPERATOR_DETECTION_FAILED_NAVIGATE_TELECOM_GROUP_PROMPT">
    <msg-ref type="TELECOM_OPERATOR_DETECTION_FAILED" />
    <br />
    <br />
    Перейти в группу ТЕЛЕФОНИЯ для ручного выбора?
  </msg>

  <msg type="SUCCESS_PAYMENT">Операция выполнена успешно</msg>
  <msg type="SUCCESS_PAYMENT_GOOD_LUCK">Желаем удачи!</msg>

  <msg type="CHANGE_SUM_ALERT">
    Внимание! У Вас осталась сдача в размере <strong>#CHANGE_SUM_VALUE# #CURRENCY_POSTFIX#</strong>
        <br />
        Выберите провайдера для зачисления на него вашей сдачи.
  </msg>

  <msg type="CHANGE_SUM_INFO_PAGE_ALERT">
    Внимание! У Вас осталась сдача в размере <strong>#CHANGE_SUM_VALUE# #CURRENCY_POSTFIX#</strong>
    <br />
    Выберите провайдера для зачисления на него вашей сдачи.
  </msg>

  <msg type="REQUIRED_FIELD_MARK"></msg><!--Символ маркировки обязательных полей-->
  <msg type="REQUIRED_FIELDS_DESCRIPTION" text="обязательные для заполнения поля" /><!--Текст-замечание об обязательных для ввода полей-->
  <msg type="MAX_SUM_EXCEEDED_ALERT">Превышен максимальный лимит суммы платежа!</msg>
  <msg type="INVALID_BILL">Купюра не распознана!</msg>
  <msg type="CARD_READER_NOT_OPERABLE">Кард-ридер не исправен!</msg>
  <msg type="ERROR_NAVIGATING_PRE">Переход на страницу Ошибка по причине</msg>
  <msg type="ERROR_NAVIGATING_CARD_READER_NOT_OPERABLE"><msg-ref type="ERROR_NAVIGATING_PRE"/> неисправности кард-ридера</msg>
  <msg type="ERROR_NAVIGATING_CARD_AUTHENTICATE_PINPAD_PARAM_NULL"><msg-ref type="ERROR_NAVIGATING_PRE"/> получения одного из ключевых параметров от ПинПада #PARAM_NAME# со значением NULL</msg>
  <msg type="ERROR_NAVIGATING_CARD_INVALID_KCV"><msg-ref type="ERROR_NAVIGATING_PRE"/> некорректного KCV #PARAM_VALUE#</msg>
  <msg type="ERROR_NAVIGATING_CARD_INVALID_TERMINAL_ID"><msg-ref type="ERROR_NAVIGATING_PRE"/> некорректного TERMINAL_ID #PARAM_VALUE#</msg>
  <msg type="ERROR_NAVIGATING_MISSING_DEVICE_TYPES">
    <msg-ref type="ERROR_NAVIGATING_PRE"/> отсутствующего необходимого оборудования #MISSING_DEVICE_TYPES#
  </msg>

  <msg type="ERROR_NAVIGATING_TRIPLE_TIMEOUT">
    <msg-ref type="ERROR_NAVIGATING_PRE"/> превышения максимального числа (MAX_COUNT_SCREEN_PANEL_IDLE_TIMEOUT) сработанных таймаутов работы с терминалом
  </msg>
  
  <msg type="ERROR_NAVIGATING_REQUEST_TIMEOUT">
    <msg-ref type="ERROR_NAVIGATING_PRE"/> таймаута на ожидание завершения асинхронного запроса #TARGET_ASYNC_METHOD#
  </msg>

  <msg type="ERROR_NAVIGATING_BILLVALIDATOR_NOT_OPERABLE">
    <msg-ref type="ERROR_NAVIGATING_PRE"/> неработающего купюроприемника
  </msg>

  <msg type="ERROR_NAVIGATING_PRINTER_NOT_OPERABLE">
    <msg-ref type="ERROR_NAVIGATING_PRE"/> неработающего принтера
  </msg>

  <msg type="ERROR_NAVIGATING_WMCOPYDATA_NOT_OPERABLE">
    <msg-ref type="ERROR_NAVIGATING_PRE"/> неработающего протокола WM_COPY_DATA
  </msg>

  <msg type="ERROR_NAVIGATING_PINPAD_NOT_OPERABLE">
    <msg-ref type="ERROR_NAVIGATING_PRE"/> неисправности устройства ПинПад или его модулей
  </msg>

  <msg type="ERROR_NAVIGATING_FAILED_PAYMENT">
    <msg-ref type="ERROR_NAVIGATING_PRE"/> неуспешной регистрации платежа на терминале
  </msg>

  <msg type="ERROR_NAVIGATING_FAILED_BALANCE_GET">
    <msg-ref type="ERROR_NAVIGATING_PRE"/> неуспешного получения значения баланса на пластиковой банковской карте
  </msg>

  <msg type="LOG_MSG_CHANGE_SUM_PROVIDER_MISSING">Провайдер #CHANGE_SUM_AUTO_FLUSH_PROVIDER_ID# для авто-записи сдачи на сервер отсутствует в конфигурации! Сдача равна #CHANGE_SUM# #LOG_GUID#</msg>
  <msg type="LOG_MSG_BTN_PUT_CASH_CHANGE_CLICK">Нажата кнопка &quot;Перевести средства на сдачу и выбрать другую услугу&quot;</msg>

  <msg type="LOG_MSG_START_PAGE_NAVIGATING_PRE">Переход на стартовую страницу по причине</msg>

  <msg type="NAVIGATE_START_DUE_TO_CANCEL_PAYMENT">
    <msg-ref type="LOG_MSG_START_PAGE_NAVIGATING_PRE"></msg-ref> выбора другой услуги для оплаты с сохранением внесенной суммы на сдаче
  </msg>

  <msg type="LOG_MSG_START_PAGE_NAVIGATING_SCREEN_PANEL_CALLBACK">
    <msg-ref type="LOG_MSG_START_PAGE_NAVIGATING_PRE"></msg-ref> срабатывания таймаута простоя терминала
  </msg>

  <msg type="LOG_MSG_START_PAGE_NAVIGATING_BTN_DLG_BILL_VALIDATOR_NOT_OPERABLE_OK_CLICK">
    <msg-ref type="LOG_MSG_START_PAGE_NAVIGATING_PRE"></msg-ref> нажатия на кнопку ОК диалога о предупреждении о неработающем купюроприемнике
  </msg>

  <msg type="LOG_MSG_START_PAGE_NAVIGATING_PINPAD_CANCEL_PRESSED">
    <msg-ref type="LOG_MSG_START_PAGE_NAVIGATING_PRE"></msg-ref> нажатия на кнопку Отмена на Пин-Пад
  </msg>

  <msg type="LOG_MSG_START_PAGE_NAVIGATING_TRANSPORT_CARD_SUIT_ROUTE_NAVIGATE_AWAY_INVOKED">
    <msg-ref type="LOG_MSG_START_PAGE_NAVIGATING_PRE"></msg-ref> срабатывания метода navigateAway
  </msg>

  <msg type="LOG_MSG_START_PAGE_NAVIGATING_ULTIMATE_TIMEOUT"> срабатывания конечного таймаута</msg>

  <msg type="ULTIMATE_TIMEOUT_TRIGGERRED">Произошел конечный таймаут работы теримнала</msg>

  <msg type="LOG_MSG_SUCCESS_PAYMENT_NAVIGATING">Переход на страницу Успешный платеж</msg>
  
  <msg type="LOG_MSG_SHOW_DLG_IDLE_TIMEOUT">Отображение диалога о простое работы с терминалом</msg>
  <msg type="LOG_MSG_HIDE_DLG_IDLE_TIMEOUT">Скрытие диалога о простое работы с терминалом</msg>
  
  <msg type="AUTO_PAYMENT_AFTER_TIMEOUT_ENABLED_INFO">Автоплатеж при таймауте ВКЛЮЧЕН</msg>
  <msg type="AUTO_PAYMENT_AFTER_TIMEOUT_PROCESSING">Выполняется автоплатеж при таймауте...</msg>
  <msg type="AUTO_PAYMENT_AFTER_TIMEOUT_PROCESSED">Автоплатеж при таймауте выполнен</msg>
  <msg type="AUTO_PAYMENT_AFTER_TIMEOUT_UNABLE_DUE_TO_AMOUNT">Автоплатеж при таймауте невозможен по причине недостаточной суммы для выполнения платежа</msg>

  <msg type="BILL_VALIDATOR_NOT_OPERABLE_BLOCK_MSG">Оплата наличными недоступна.</msg>

  <msg type="LOG_MSG_BILL_VALIDATOR_NOT_OPERABLE_BLOCK_SHOWING">Отображение блока-сообщения о невозможности принятия купюр по причине не действующего купюроприемника</msg>

  <msg type="CONFIRM_TEXT_PRINTING">Распечатать чек на принтере?</msg>
  
  <msg type="LOG_STATE_NAVIGATE_START_DUE_BTN_PUT_CHANGE_SUM_CLICK">
    <msg-ref type="LOG_MSG_START_PAGE_NAVIGATING_PRE" /> нажатия на кнопку сброса доступных и внесенных денежных средств на сдачу...
  </msg>

  <msg type="LOG_STATE_NAVIGATE_START_CASH_RECEIVE_COMMON">
    <msg-ref type="LOG_MSG_START_PAGE_NAVIGATING_PRE" /> со страницы оплаты услуги наличными средствами путем внесения купюр в купюроприемник...
  </msg>
  <msg type="LOG_STATE_NAVIGATE_START_DUE_BILL_VALIDATOR_NOT_OPERABLE_OK_CLICK_CHANGE_SUM_EMPTY">
    <msg-ref type="LOG_MSG_START_PAGE_NAVIGATING_PRE" /> нажатия на кнопку ОК диалога с сообщением о неработающем купюроприемнике и отсутствием средств для оплаты...
  </msg>
  <msg type="LOG_STATE_NAVIGATE_START_DUE_BILL_VALIDATOR_NOT_OPERABLE_OK_CLICK_CHANGE_SUM_LESS_REQUIRED_SUM">
    <msg-ref type="LOG_MSG_START_PAGE_NAVIGATING_PRE" /> нажатия на кнопку ОК диалога с сообщением о неработающем купюроприемнике с наличием сдачи, но меньшей чем необходимо для платежа...
  </msg>

  <msg type="LOG_BTN_CARD_BALANCE_CLICK">Нажата кнопка получения баланса по банковской карте</msg>
  <msg type="LOG_CARD_BALANCE_REQUEST_OBTAINING">Запрос на получение баланса по банковской карте #CARD_NUMBER#...</msg>
  <msg type="LOG_CARD_BALANCE_REQUEST_SUCCESS">Выполнен запрос на получение баланса (#BALANCE_VAL#) по банковской карте #CARD_NUMBER#</msg>
  <msg type="LOG_CARD_BALANCE_REQUEST_FAILED">Не удалось выполнить запрос на получение баланса по банковской карте #CARD_NUMBER#. Ошибка: #ERROR_MSG#</msg>

  <msg type="LOG_BTN_CARD_RECHARGE_CLICK">Нажата кнопка пополнения банковской карты</msg>
  
</ui_messages>
