﻿<?xml version="1.0" encoding="utf-8"?>
<ui_settings>
  <!--
	Для переопределения элементов в теме следует скопировать данный файл в папку Themes\App_Data
	и оставить только те записи, которые переопределяются в теме
	-->
  <!--Текущая тема интерфейса (Default - тема по умолчанию) -->
  <!--<entry key="THEME" value="Default" />-->

  <!-- Отправка запроса при расхождении сумм: суммы платежа и суммы внесеных денег -->
  <entry key="AMOUNT_DIFF_REQUEST_ENABLED" value="0"/>

  <!--Положение символа маркировки обязательных полей: 1 - в начале строки, 2 - в конце строки -->
  <entry key="REQUIRED_FIELD_POSITION" value="2" />

  <!--Принудительно (сразу как только открыли страницу) показывать диалог ввода штрих-кода при оплате услуги. -->
  <entry key="FORCE_SHOW_DLG_BARCODE" value="1" />
  
  <entry key="DLG_BARCODE_TITLE" value="Штрих код" />
  <entry key="DLG_BARCODE_DESCRIPTION" value="Считайте штрих-код с помощью сканера или введите на клавиатуре" />
  <entry key="BTN_PUT_CASH_CHANGE_TITLE">Внимание! Если у Вас денег меньше, чем сумма к внесению, Вы можете, нажав эту кнопку, выбрать другую услугу для оплаты.</entry>

  <!--Время таймаута в миллисекундах на предельное время ожидания вне зависимости от ситуации-->
  <entry key="TIMEOUT_ULTIMATE_MILLISECONDS">600000</entry>
  
  <!--Включение таймаута на предельное время ожидания вне зависимости от ситуации-->
  <entry key="TIMEOUT_ULTIMATE_ENABLED">1</entry>

  <!--Время интервала в миллисекундах через которое происходит опрос состояния устройства-->
  <entry key="INTERVAL_DEVICE_STATE_POLLING_MILLISECONDS">60000</entry>
  
  <!--Принудительно переходить на страницу ошибки в случае троекратного таймаута-->
  <entry key="ENABLE_TRIPLE_SCREEN_TIMEOUT_ERROR">0</entry>
  
  <!--Страница, на которую ПО будет переведено в случае достижения максимального количества таймаутов работы с экраном (MainMenu/Error)-->
  <entry key="TRIPLE_SCREEN_PANEL_TIMEOUT_TARGET_PAGE">MainMenu</entry>
  
  <!--Количество таймаутов после которого ПО будет принудительно переведено на страницу с ошибкой-->
  <entry key="MAX_COUNT_SCREEN_PANEL_IDLE_TIMEOUT">3</entry>
    
  <entry key="SHOW_FEEDBACK_STRIP_MAIN_MENU">1</entry><!--Показывать полосу с контактами банка на странице ГЛАВНОГО МЕНЮ-->
  <entry key="SHOW_FEEDBACK_STRIP_PAY_SERVICES">1</entry><!--Показывать полосу с контактами банка на странице с ГРУППАМИ УСЛУГ и БЫСТРЫМИ КНОПКАМИ-->
  <entry key="SHOW_FEEDBACK_STRIP_GROUP_MENU">0</entry><!--Показывать полосу с контактами банка на странице со СПИСКОМ УСЛУГ-->

  <entry key="SHOW_BANNER_TOP_MAIN_MENU">1</entry><!--Показывать верхний баннер на странице ГЛАВНОГО МЕНЮ-->
  <entry key="SHOW_BANNER_TOP_PAY_SERVICES">0</entry><!--Показывать верхний баннер на странице с ГРУППАМИ УСЛУГ и БЫСТРЫМИ КНОПКАМИ-->
  <entry key="SHOW_BANNER_TOP_GROUP_MENU">0</entry><!--Показывать верхний баннер на странице со СПИСКОМ УСЛУГ-->

  <entry key="ADJUST_MAIN_MENU_BUTTONS_CENTER">1</entry><!--Держать кнопки главного меню к центру-->

  <entry key="SHOW_WAIT_DLG_WHEN_CHECKING_OPERATOR_RECEIPT_REQUIREMENT">0</entry><!--Отображать ожидание при проверке доступности чека на странице заполнения полей для оператора-->

  <!--Опции по отображению ожидания при переходе между страницами-->
  <!--Показывать или нет диалог ожидания-->
  <entry key="NAVIGATING_SHOW_WAIT_DLG_ENABLED">0</entry>
  <!--Показывать или нет полупрозрачный фон для блокировки экрана от нажатий-->
  <entry key="NAVIGATING_SHOW_SHADOW_ENABLED">0</entry>
  <!--Задержка перед показом для исключения показа при быстром переходе между страницами-->
  <entry key="NAVIGATING_SHOW_SMTH_DELAY_MILLISECONDS">1000</entry>

  <!--Показывать диалог после простоя интерфейса с вопросом о продолжении операции-->
  <entry key="DLG_IDLE_TIMEOUT_ENABLED">1</entry>
  <!--Страницы, на который не отображать диалог простоя интерфейса с вопросом о продолжении операции-->
  <entry key="DLG_IDLE_TIMEOUT_DENIED_PATHS">/Home/MainMenu;/Home/Error;/Home/PrinterError;/Home/Unavailable;/Home/SuccessPayment</entry>
  <!--Идентификатор элемента диалога на клиентской стороне-->
  <entry key="DLG_IDLE_TIMEOUT_CLIENT_ID">dlgIdleTimeout</entry>
  <!--Таймаут отображения диалога после простоя в случае не реагирования пользователем на предложенные действия-->
  <entry key="DLG_IDLE_TIMEOUT_TIMEOUT_MILLISECONDS">15000</entry>
  <!--Показывать вопросительную иконку в диалоге бездействия-->
  <entry key="DLG_IDLE_TIMEOUT_SHOW_QUESTION_ICON">1</entry>

  <!--Отображать или нет названия типа банковской услуги (Кредиты, Карты, Вклады) на кнопке счета в банковском кабинете-->
  <entry key="Cabinet_BankServices_AccountItem_ShowDeskTypeName">0</entry>
  <entry key="Cabinet_BankServices_AccountItem_Horizontal">1</entry>
  
  <!--Разделитель ключей для атрибута type в UIMessages.xml-->
  <entry key="UIMessages_type_separator">;</entry>

  <!--Расчитывать высоту диалога на основе контента или нет-->
  <entry key="DLG_MSG_AUTO_HEIGHT_ENABLED">1</entry>

  <!--Режим постраничного разбиения элементов группы на страницы. Возможные значения: ClientSide/ServerSide-->
  <entry key="PAGE_GROUP_MENU_PAGING_MODE">ServerSide</entry>
  <!--Количество элементов группы на странице при режиме разбиения ServerSide-->
  <entry key="PAGE_GROUP_MENU_SERVERSIDE_PAGE_SIZE">25</entry>
  
  <!--Количество кнопок с номерами страниц для текущего отображения-->
  <entry key="PAGING_MAX_PAGE_BTNS_SIZE">4</entry>

  <!--Использовать или нет поддерживающий ajax-запрос на веб-сервер-->
  <entry key="MAIN_MENU_HEARTBEAT_ENABLED">1</entry>
  <!--Время простоя на главном экране до ajax-запроса на веб-сервер-->
  <entry key="MAIN_MENU_HEARTBEAT_INTERVAL">30000</entry>

  <!--Таймаут отображения страницы успешного платежа-->
  <entry key="SUCCESS_PAYMENT_TIMEOUT_MILLISECONDS">5000</entry>
  
  <!--Таймаут отображения специальной страницы со сдачей после платежа-->
  <entry key="CHANGE_SUM_INFO_TIMEOUT_MILLISECONDS">30000</entry>
  
  <!--Включить ограничение на возврат превышающей сумму купюры-->
  <entry key="BILL_VALIDATOR_MAX_SUM_BILL_ENABLED">0</entry>

  <!--Режим максимальной суммы для ограничения на возврат превышающей сумму купюры RequiredSum - фиксированная сумма берется за максимальную/MaxSum - максимальная сумма берется за максимальную-->
  <entry key="BILL_VALIDATOR_MAX_SUM_BILL_MAX_SUM_MODE">MaxSum</entry>
  
  <!--Отображать диалог превышения максимальной суммы платежа-->
  <entry key="SHOW_DLG_MAX_SUM_EXCEEDED">0</entry>

  <!--Отображать диалог о нераспознаной купюре-->
  <entry key="SHOW_DLG_BILL_INVALID">1</entry>

  <!--Таймаут отображения диалога о нераспознаной купюре-->
  <entry key="DLG_INVALID_BILL_TIMEOUT">10000</entry>

  <!--Таймаут отображения диалога о превышающей сумму купюре-->
  <entry key="DLG_MAX_SUM_EXCEEDED_TIMEOUT">10000</entry>

  <!--Таймаут перевода сдачи на специального оператора-->
  <entry key="CHANGE_SUM_AUTO_FLUSH_TIMEOUT">45000</entry>
  
  <!--Идентификатор оператора/провайдера в operators.xml для авто-сброса сдачи (тег name)-->
  <entry key="CHANGE_SUM_AUTO_FLUSH_PROVIDER_ID">198806021615</entry>
  
  <!--Автоматически сбрасывать сдачу на специального оператора на страницу главного меню-->
  <entry key="CHANGE_SUM_AUTO_FLUSH_ENABLED">0</entry>
  
  <!--Переходить на специальную страницу с отображением сдачи после платежа-->
  <entry key="CHANGE_SUM_PAGE_ENABLED">1</entry>

  <!--Показывать блок "Платеж выполнен успешно" на страницу об информировании об оставшейся сдачи-->
  <entry key="CHANGE_SUM_INFO_PAGE_SHOW_SUCCESS_PAYMENT_BLOCK">0</entry>
    
  <!--Закрывать купюроприемник при достижении максимальной суммы-->
  <entry key="BILL_VALIDATOR_AUTO_CLOSE_ENABLED">0</entry>

  <!--Необрабатывать недоступность сканера штрих-кодов при проверке настроенных устройств на странице-->
  <entry key="OMIT_BARCODE_SCANNER_NOT_OPERABLE">1</entry>

  <entry key="SCROLL_STEP_OFFSET">50</entry>

  <entry key="CARD_KCV_LENGTH">6</entry>
  <entry key="CARD_TERMINAL_ID_LENGTH">7</entry>
  
  <!--Показывать верхнее веню Личный кабинет/Банковский кабинет принудительно, даже при наличии только одного пункта-->
  <entry key="CABINET_DESK_TOP_GROUP_MENU_FORCE_SHOWN">0</entry>

  <!--Скрывать верхнее веню Личный кабинет/Банковский кабинет принудительно, даже при наличии нескольких пунктов-->
  <entry key="CABINET_DESK_TOP_GROUP_MENU_FORCE_HIDDEN">0</entry>

  <!--Отображать все счета на одной странице в банковском кабинете без учета групп по провайдерам-->
  <entry key="BANK_CABINET_SHOW_ALL_ACCOUNTS_SINGLE_GROUP">0</entry>

  <!--Возвращаться в Личный/Банковский кабинет после оплаты услуги (1) или возвращаться в главное меню (0) -->
  <entry key="CABINET_RETURN_TO_DESK_AFTER_PAYMENT">1</entry>
  
  <entry key="LOG_GUID_CHANGE_SUM">cce7d90a-24ac-49ee-8908-c9ef7fc5d446</entry>
  
  <!--Уровни сообщений для клиентского логгирования веб-приложения (debug;trace;info;warn;error;fatal)-->
  <entry key="CLIENTSIDE_LOGGER_LEVEL">debug;trace;info;warn;error;fatal</entry>

  <!--Автоплатеж при наступлении таймаута при наличии требуемой суммы на выбранного ранее провайдера-->
  <entry key="AUTO_PAYMENT_AFTER_TIMEOUT_ENABLED">1</entry>

  <!--Оплата платежа при наступлении таймаута при наличии требуемой суммы на выбранного ранее провайдера-->
  <entry key="FORCED_PAYMENT_AFTER_TIMEOUT_ENABLED">0</entry>

  <!--Отображать блок с информационным сообщением о неработающем купюроприемнике на главной странице-->
  <entry key="BILL_VALIDATOR_NOT_OPERABLE_BLOCK_ENABLED">0</entry>

  <!--Режим глобальной максимальной суммы платежа на все платежи принудительно RestrictByEntireAmount - ограничение на всю сумму с комиссией/RestrictByPayAmount - ограничение на сумму пополнения-->
  <entry key="PAYMENT_GLOBAL_MAX_SUM_MODE">RestrictByEntireAmount</entry>

  <!--Включить действие глобальной максимальной суммы платежа на все платежи принудительно-->
  <entry key="PAYMENT_GLOBAL_MAX_SUM_ENABLED">0</entry>

  <!--Значение глобальной максимальной суммы платежа на все платежи принудительно-->
  <entry key="PAYMENT_GLOBAL_MAX_SUM">15000</entry>

  <!--Отображать на экране текст чека и спрашивать о физической печати его на принтере-->
  <entry key="CONFIRM_TEXT_PRINTING">0</entry>

  <!--Реагировать на кнопки диалогов от нажатия на соответствующие клавиши ПинПада-->
  <entry key="PIN_PAD_ACTIONS_FOR_DLG_BTNS_ENABLED">1</entry>

  <!--Сохранить внесенные денежные средства на сдачу при невыполненном платеже (result<>0 при регистрации платежа на терминале)-->
  <entry key="SAVE_MONEY_TO_CHANGESUM_ON_FAILED_PAYMENT">0</entry>

  <!--Используемый тип принтера TEXT/FISCAL-->
  <entry key="PRINTER_TYPE">TEXT</entry>

  <!--Надписи оператора Пополнения карты (CARD_RECHARGE)-->
  <entry key="OPERATOR_TITLE_CARD_RECHARGE">Пополнение карты</entry>
  <entry key="CARD_RECHARGE_FIELD_TITLE_CARD_NUMBER">Номер карты</entry>
  <entry key="CARD_RECHARGE_FIELD_TITLE_BAL_AMOUNT">Остаток средств</entry>

  <!--Используется отдельный 730 запрос для пополнения карты (1) или используется схема с 5+3 (0)-->
  <entry key="CARD_RECHARGE_PROPER_REQUEST_USED">0</entry>

  <entry key="LABEL_BTN_CARD_RECHARGE">Пополнить мою карту</entry>
  <entry key="LABEL_BTN_CARD_BALANCE">Мой баланс</entry>
</ui_settings>
