﻿<?xml version="1.0" encoding="utf-8"?>
<ui_messages lang="ru">
  <!--
  <msg type="CABINET_LoadCabinetRequest_CommonError" text="HUH! Неверные авторизационные данные! LOL!" />
  -->
  <msg type="Gateway_ErrorCode_1003;Gateway_ErrorCode_UserWasNotFound" text="Не найден счет/договор/карта." />
  <msg type="Gateway_ErrorCode_1004;Gateway_ErrorCode_UserPasswordInvalid" text="Неверный телекод." />
  <msg type="Gateway_ErrorCode_1005;Gateway_ErrorCode_UserIsBlocked" text="Доступ по телекоду заблокирован. Обратитесь в службу поддержки." />
  <msg type="Gateway_ErrorCode_1010;Gateway_ErrorCode_InvalidOperation" text="Доступ по телекоду отключен. Обратитесь в службу поддержки." />
  
  <msg type="CHANGE_SUM_INFO_PAGE_ALERT">
    Внимание! У Вас осталась сдача <strong>#CHANGE_SUM_VALUE# #CURRENCY_POSTFIX#</strong>
    <br />
    Оплатите сдачей другую услугу.
  </msg>
</ui_messages>
