﻿<?xml version="1.0" encoding="utf-8"?>
<ui_settings>
  <!--Количество элементов группы на странице при режиме разбиения ServerSide-->
  <entry key="PAGE_GROUP_MENU_SERVERSIDE_PAGE_SIZE">12</entry>

  <entry key="SHOW_FEEDBACK_STRIP_MAIN_MENU">0</entry><!--Показывать полосу с контактами банка на странице ГЛАВНОГО МЕНЮ-->
  <entry key="SHOW_FEEDBACK_STRIP_PAY_SERVICES">0</entry><!--Показывать полосу с контактами банка на странице с ГРУППАМИ УСЛУГ и БЫСТРЫМИ КНОПКАМИ-->
  <entry key="SHOW_FEEDBACK_STRIP_GROUP_MENU">0</entry><!--Показывать полосу с контактами банка на странице со СПИСКОМ УСЛУГ-->

  <entry key="SHOW_BANNER_TOP_MAIN_MENU">1</entry><!--Показывать верхний баннер на странице ГЛАВНОГО МЕНЮ-->
  <entry key="SHOW_BANNER_TOP_PAY_SERVICES">1</entry><!--Показывать верхний баннер на странице с ГРУППАМИ УСЛУГ и БЫСТРЫМИ КНОПКАМИ-->
  <entry key="SHOW_BANNER_TOP_GROUP_MENU">1</entry><!--Показывать верхний баннер на странице со СПИСКОМ УСЛУГ-->

  
  <!--Расчитывать высоту диалога на основе контента или нет-->
  <entry key="DLG_MSG_AUTO_HEIGHT_ENABLED">0</entry>
  
  <!--Количество кнопок с номерами страниц для текущего отображения-->
  <entry key="PAGING_MAX_PAGE_BTNS_SIZE">3</entry>
  
  <!--Показывать или нет диалог ожидания-->
  <entry key="NAVIGATING_SHOW_WAIT_DLG_ENABLED">1</entry>
  <!--Показывать или нет полупрозрачный фон для блокировки экрана от нажатий-->
  <entry key="NAVIGATING_SHOW_SHADOW_ENABLED">1</entry>
  <!--Задержка перед показом для исключения показа при быстром переходе между страницами-->
  <entry key="NAVIGATING_SHOW_SMTH_DELAY_MILLISECONDS">1</entry>
  
  <!--Количество таймаутов после которого ПО будет принудительно переведено на страницу с ошибкой-->
  <entry key="MAX_COUNT_SCREEN_PANEL_IDLE_TIMEOUT">1</entry>


  <!--Страницы, на который не отображать диалог простоя интерфейса с вопросом о продолжении операции-->
  <entry key="DLG_IDLE_TIMEOUT_DENIED_PATHS">/Home/MainMenu;/Home/Error;/Home/PrinterError;/Home/Unavailable;/Home/SuccessPayment</entry>
  <!--Таймаут отображения диалога после простоя в случае не реагирования пользователем на предложенные действия-->
  <entry key="DLG_IDLE_TIMEOUT_TIMEOUT_MILLISECONDS">15000</entry>

  <!-- ##################################################################### -->

  <!--Закрывать купюроприемник при достижении максимальной суммы-->
  <entry key="BILL_VALIDATOR_AUTO_CLOSE_ENABLED">1</entry>

  <!--Отображать диалог превышения максимальной суммы платежа-->
  <entry key="SHOW_DLG_MAX_SUM_EXCEEDED">1</entry>

  <!--Скрывать верхнее веню Личный кабинет/Банковский кабинет принудительно, даже при наличии нескольких пунктов-->
  <entry key="CABINET_DESK_TOP_GROUP_MENU_FORCE_HIDDEN">1</entry>

  <!--Отображать все счета на одной странице в банковском кабинете без учета групп по провайдерам-->
  <entry key="BANK_CABINET_SHOW_ALL_ACCOUNTS_SINGLE_GROUP">1</entry>

  <!--Включить ограничение на возврат превышающей сумму купюры-->
  <entry key="BILL_VALIDATOR_MAX_SUM_BILL_ENABLED">1</entry>

  <!--Режим максимальной суммы для ограничения на возврат превышающей сумму купюры RequiredSum - фиксированная сумма берется за максимальную/MaxSum - максимальная сумма берется за максимальную-->
  <entry key="BILL_VALIDATOR_MAX_SUM_BILL_MAX_SUM_MODE">MaxSum</entry>  
  
  <!--Автоплатеж при наступлении таймаута при наличии требуемой суммы на выбранного ранее провайдера-->
  <entry key="AUTO_PAYMENT_AFTER_TIMEOUT_ENABLED">1</entry>

  <!--Отображать блок с информационным сообщением о неработающем купюроприемнике на главной странице-->
  <entry key="BILL_VALIDATOR_NOT_OPERABLE_BLOCK_ENABLED">1</entry>

  <entry key="FORCED_PAYMENT_AFTER_TIMEOUT_ENABLED">1</entry>
  
  <!-- Отправка запроса при расхождении сумм: суммы платежа и суммы внесеных денег -->
  <entry key="AMOUNT_DIFF_REQUEST_ENABLED" value="1"/>
  
</ui_settings>
